CH1,CH2,CH3,CH4,CH5,CH6,CH7,CH8,
0.135170,0.400000,0.400000,0.295916,0.296164,0.296180,0.295864,0.295866,
0.067931,0.400000,0.400000,0.268395,0.268641,0.268657,0.268339,0.268345,
0.058943,0.400000,0.400000,0.273228,0.273477,0.273492,0.273165,0.273169,
0.119152,0.400000,0.400000,0.302243,0.302491,0.302508,0.302181,0.302175,
0.165209,0.400000,0.400000,0.315456,0.315704,0.315722,0.315400,0.315393,
0.132648,0.400000,0.400000,0.295079,0.295327,0.295344,0.295026,0.295029,
0.065431,0.400000,0.400000,0.267553,0.267800,0.267815,0.267497,0.267505,
0.056465,0.400000,0.400000,0.272399,0.272647,0.272663,0.272336,0.272340,
0.116664,0.400000,0.400000,0.301477,0.301726,0.301742,0.301414,0.301410,
0.162764,0.400000,0.400000,0.314680,0.314930,0.314948,0.314624,0.314617,
0.130280,0.400000,0.400000,0.294304,0.294552,0.294570,0.294252,0.294254,
0.063094,0.400000,0.400000,0.266789,0.267037,0.267052,0.266735,0.266741,
0.054133,0.400000,0.400000,0.271624,0.271873,0.271888,0.271561,0.271566,
0.114318,0.400000,0.400000,0.300692,0.300940,0.300956,0.300629,0.300624,
0.160450,0.400000,0.400000,0.313913,0.314162,0.314179,0.313856,0.313850,
0.128048,0.400000,0.400000,0.293570,0.293818,0.293836,0.293516,0.293519,
0.060870,0.400000,0.400000,0.266045,0.266292,0.266308,0.265989,0.265997,
0.051941,0.400000,0.400000,0.270880,0.271128,0.271144,0.270817,0.270821,
0.112126,0.400000,0.400000,0.299928,0.300177,0.300194,0.299867,0.299861,
0.158354,0.400000,0.400000,0.313227,0.313476,0.313494,0.313170,0.313164,
0.126016,0.400000,0.400000,0.292900,0.293147,0.293164,0.292846,0.292848,
0.058859,0.400000,0.400000,0.265373,0.265620,0.265635,0.265317,0.265325,
0.049933,0.400000,0.400000,0.270207,0.270456,0.270472,0.270145,0.270150,
0.110140,0.400000,0.400000,0.299305,0.299556,0.299572,0.299244,0.299239,
0.156417,0.400000,0.400000,0.312597,0.312847,0.312864,0.312541,0.312535,
0.124172,0.400000,0.400000,0.292296,0.292544,0.292561,0.292242,0.292246,
0.057036,0.400000,0.400000,0.264762,0.265010,0.265026,0.264706,0.264715,
0.048159,0.400000,0.400000,0.269606,0.269856,0.269871,0.269544,0.269549,
0.108398,0.400000,0.400000,0.298730,0.298980,0.298996,0.298668,0.298663,
0.154731,0.400000,0.400000,0.312049,0.312299,0.312316,0.311993,0.311987,
0.122530,0.400000,0.400000,0.291754,0.292002,0.292019,0.291701,0.291704,
0.055402,0.400000,0.400000,0.264215,0.264461,0.264478,0.264159,0.264167,
0.046564,0.400000,0.400000,0.269071,0.269319,0.269335,0.269008,0.269013,
0.106801,0.400000,0.400000,0.298203,0.298452,0.298468,0.298140,0.298135,
0.153181,0.400000,0.400000,0.311547,0.311797,0.311814,0.311489,0.311484,
0.121081,0.400000,0.400000,0.291286,0.291534,0.291551,0.291233,0.291235,
0.054102,0.400000,0.400000,0.263791,0.264038,0.264054,0.263735,0.263743,
0.045315,0.400000,0.400000,0.268650,0.268899,0.268914,0.268586,0.268591,
0.105580,0.400000,0.400000,0.297802,0.298053,0.298069,0.297740,0.297736,
0.152054,0.400000,0.400000,0.311187,0.311438,0.311454,0.311131,0.311125,
0.120017,0.400000,0.400000,0.290939,0.291187,0.291204,0.290885,0.290888,
0.052929,0.400000,0.400000,0.263389,0.263636,0.263651,0.263332,0.263341,
0.044125,0.400000,0.400000,0.268235,0.268484,0.268499,0.268171,0.268177,
0.104409,0.400000,0.400000,0.297413,0.297663,0.297679,0.297350,0.297346,
0.150978,0.400000,0.400000,0.310850,0.311099,0.311116,0.310792,0.310787,
0.118997,0.400000,0.400000,0.290608,0.290855,0.290872,0.290553,0.290556,
0.052022,0.400000,0.400000,0.263116,0.263363,0.263379,0.263060,0.263068,
0.043353,0.400000,0.400000,0.268003,0.268252,0.268267,0.267940,0.267945,
0.103645,0.400000,0.400000,0.297170,0.297419,0.297435,0.297107,0.297103,
0.150257,0.400000,0.400000,0.310626,0.310875,0.310893,0.310569,0.310564,
0.118336,0.400000,0.400000,0.290395,0.290642,0.290659,0.290341,0.290345,
0.051247,0.400000,0.400000,0.262823,0.263069,0.263086,0.262767,0.262775,
0.042477,0.400000,0.400000,0.267670,0.267918,0.267935,0.267607,0.267613,
0.102757,0.400000,0.400000,0.296864,0.297113,0.297130,0.296801,0.296798,
0.149425,0.400000,0.400000,0.310356,0.310604,0.310622,0.310299,0.310293,
0.117558,0.400000,0.400000,0.290142,0.290389,0.290406,0.290088,0.290090,
0.050521,0.400000,0.400000,0.262583,0.262829,0.262845,0.262527,0.262535,
0.041799,0.400000,0.400000,0.267441,0.267690,0.267705,0.267378,0.267384,
0.102095,0.400000,0.400000,0.296651,0.296901,0.296917,0.296589,0.296585,
0.148836,0.400000,0.400000,0.310172,0.310422,0.310440,0.310116,0.310110,
0.117044,0.400000,0.400000,0.289983,0.290231,0.290250,0.289930,0.289933,
0.049978,0.400000,0.400000,0.262407,0.262654,0.262671,0.262351,0.262359,
0.041215,0.400000,0.400000,0.267239,0.267487,0.267504,0.267176,0.267182,
0.101512,0.400000,0.400000,0.296457,0.296707,0.296724,0.296395,0.296392,
0.148337,0.400000,0.400000,0.310024,0.310274,0.310291,0.309967,0.309962,
0.116609,0.400000,0.400000,0.289844,0.290092,0.290108,0.289789,0.289793,
0.049521,0.400000,0.400000,0.262242,0.262489,0.262505,0.262186,0.262194,
0.040747,0.400000,0.400000,0.267060,0.267309,0.267325,0.266997,0.267003,
0.101026,0.400000,0.400000,0.296238,0.296488,0.296503,0.296176,0.296171,
0.147940,0.400000,0.400000,0.309892,0.310142,0.310158,0.309835,0.309829,
0.116292,0.400000,0.400000,0.289745,0.289992,0.290010,0.289691,0.289694,
0.049288,0.400000,0.400000,0.262152,0.262398,0.262415,0.262096,0.262104,
0.040512,0.400000,0.400000,0.266973,0.267222,0.267239,0.266911,0.266917,
0.100798,0.400000,0.400000,0.296224,0.296474,0.296490,0.296161,0.296159,
0.147785,0.400000,0.400000,0.309873,0.310124,0.310141,0.309816,0.309811,
0.116174,0.400000,0.400000,0.289712,0.289961,0.289978,0.289659,0.289663,
0.049006,0.400000,0.400000,0.262049,0.262295,0.262311,0.261992,0.262001,
0.040166,0.400000,0.400000,0.266847,0.267096,0.267111,0.266783,0.266789,
0.100464,0.400000,0.400000,0.296111,0.296361,0.296377,0.296048,0.296044,
0.147513,0.400000,0.400000,0.309787,0.310038,0.310056,0.309731,0.309726,
0.115965,0.400000,0.400000,0.289648,0.289897,0.289913,0.289595,0.289597,
0.048775,0.400000,0.400000,0.261964,0.262210,0.262226,0.261907,0.261915,
0.039893,0.400000,0.400000,0.266741,0.266990,0.267006,0.266678,0.266684,
0.100175,0.400000,0.400000,0.296009,0.296259,0.296275,0.295946,0.295943,
0.147294,0.400000,0.400000,0.309728,0.309977,0.309995,0.309670,0.309665,
0.115835,0.400000,0.400000,0.289618,0.289865,0.289883,0.289564,0.289567,
0.048790,0.400000,0.400000,0.261976,0.262222,0.262239,0.261920,0.261928,
0.039882,0.400000,0.400000,0.266733,0.266982,0.266997,0.266670,0.266676,
0.100139,0.400000,0.400000,0.296003,0.296252,0.296268,0.295940,0.295937,
0.147297,0.400000,0.400000,0.309740,0.309990,0.310007,0.309683,0.309678,
0.115884,0.400000,0.400000,0.289638,0.289885,0.289903,0.289584,0.289587,
0.048664,0.400000,0.400000,0.261920,0.262167,0.262183,0.261864,0.261873,
0.039673,0.400000,0.400000,0.266650,0.266898,0.266914,0.266586,0.266593,
0.099890,0.400000,0.400000,0.295909,0.296158,0.296174,0.295846,0.295843,
0.147129,0.400000,0.400000,0.309696,0.309946,0.309962,0.309639,0.309633,
0.115796,0.400000,0.400000,0.289623,0.289871,0.289888,0.289569,0.289572,
0.048560,0.400000,0.400000,0.261889,0.262136,0.262153,0.261833,0.261842,
0.039499,0.400000,0.400000,0.266583,0.266832,0.266848,0.266520,0.266526,
0.099702,0.400000,0.400000,0.295847,0.296098,0.296113,0.295785,0.295781,
0.146983,0.400000,0.400000,0.309653,0.309904,0.309920,0.309596,0.309591,
0.115721,0.400000,0.400000,0.289605,0.289853,0.289869,0.289551,0.289554,
0.048580,0.400000,0.400000,0.261898,0.262144,0.262160,0.261841,0.261849,
0.039470,0.400000,0.400000,0.266564,0.266813,0.266828,0.266500,0.266506,
0.099651,0.400000,0.400000,0.295830,0.296081,0.296096,0.295768,0.295764,
0.146997,0.400000,0.400000,0.309671,0.309922,0.309939,0.309614,0.309609,
0.115771,0.400000,0.400000,0.289629,0.289877,0.289894,0.289575,0.289578,
0.048513,0.400000,0.400000,0.261872,0.262118,0.262133,0.261814,0.261823,
0.039330,0.400000,0.400000,0.266507,0.266756,0.266772,0.266444,0.266450,
0.099478,0.400000,0.400000,0.295771,0.296021,0.296038,0.295709,0.295705,
0.146869,0.400000,0.400000,0.309641,0.309890,0.309907,0.309583,0.309578,
0.115722,0.400000,0.400000,0.289625,0.289874,0.289890,0.289571,0.289575,
0.048479,0.400000,0.400000,0.261868,0.262114,0.262131,0.261810,0.261820,
0.039234,0.400000,0.400000,0.266471,0.266720,0.266735,0.266407,0.266414,
0.099340,0.400000,0.400000,0.295716,0.295966,0.295982,0.295654,0.295650,
0.146768,0.400000,0.400000,0.309604,0.309853,0.309870,0.309546,0.309541,
0.115723,0.400000,0.400000,0.289636,0.289884,0.289901,0.289582,0.289585,
0.048484,0.400000,0.400000,0.261868,0.262115,0.262131,0.261811,0.261820,
0.039179,0.400000,0.400000,0.266435,0.266685,0.266700,0.266372,0.266378,
0.099226,0.400000,0.400000,0.295588,0.295839,0.295854,0.295526,0.295523,
0.146729,0.400000,0.400000,0.309571,0.309822,0.309839,0.309514,0.309510,
0.115744,0.400000,0.400000,0.289649,0.289897,0.289914,0.289595,0.289598,
0.048475,0.400000,0.400000,0.261859,0.262105,0.262122,0.261802,0.261811,
0.039085,0.400000,0.400000,0.266396,0.266644,0.266661,0.266332,0.266339,
0.099120,0.400000,0.400000,0.295630,0.295880,0.295896,0.295567,0.295564,
0.146671,0.400000,0.400000,0.309586,0.309836,0.309853,0.309530,0.309525,
0.115757,0.400000,0.400000,0.289662,0.289909,0.289926,0.289608,0.289611,
0.048477,0.400000,0.400000,0.261862,0.262109,0.262124,0.261807,0.261814,
0.039046,0.400000,0.400000,0.266376,0.266625,0.266640,0.266313,0.266319,
0.099058,0.400000,0.400000,0.295608,0.295858,0.295873,0.295545,0.295541,
0.146647,0.400000,0.400000,0.309585,0.309835,0.309851,0.309528,0.309523,
0.115783,0.400000,0.400000,0.289674,0.289921,0.289938,0.289620,0.289623,
0.048514,0.400000,0.400000,0.261869,0.262115,0.262130,0.261812,0.261820,
0.039012,0.400000,0.400000,0.266352,0.266600,0.266616,0.266288,0.266294,
0.098989,0.400000,0.400000,0.295580,0.295831,0.295846,0.295517,0.295514,
0.146633,0.400000,0.400000,0.309590,0.309840,0.309857,0.309533,0.309528,
0.115834,0.400000,0.400000,0.289704,0.289951,0.289968,0.289650,0.289653,
0.048548,0.400000,0.400000,0.261886,0.262132,0.262148,0.261829,0.261838,
0.038964,0.400000,0.400000,0.266331,0.266581,0.266596,0.266268,0.266275,
0.098881,0.400000,0.400000,0.295540,0.295790,0.295806,0.295476,0.295474,
0.146561,0.400000,0.400000,0.309569,0.309818,0.309836,0.309511,0.309506,
0.115850,0.400000,0.400000,0.289719,0.289967,0.289985,0.289665,0.289669,
0.048541,0.400000,0.400000,0.261881,0.262128,0.262145,0.261824,0.261833,
0.038888,0.400000,0.400000,0.266291,0.266540,0.266557,0.266228,0.266234,
0.098779,0.400000,0.400000,0.295499,0.295750,0.295766,0.295437,0.295434,
0.146526,0.400000,0.400000,0.309568,0.309818,0.309835,0.309511,0.309506,
0.115902,0.400000,0.400000,0.289748,0.289997,0.290013,0.289694,0.289698,
0.048599,0.400000,0.400000,0.261905,0.262152,0.262168,0.261849,0.261858,
0.038863,0.400000,0.400000,0.266277,0.266526,0.266542,0.266214,0.266220,
0.098732,0.400000,0.400000,0.295483,0.295733,0.295749,0.295420,0.295417,
0.146537,0.400000,0.400000,0.309581,0.309830,0.309848,0.309524,0.309519,
0.115996,0.400000,0.400000,0.289786,0.290034,0.290051,0.289733,0.289735,
0.048693,0.400000,0.400000,0.261928,0.262175,0.262192,0.261872,0.261881,
0.038878,0.400000,0.400000,0.266267,0.266516,0.266532,0.266204,0.266211,
0.098699,0.400000,0.400000,0.295466,0.295715,0.295731,0.295402,0.295399,
0.146555,0.400000,0.400000,0.309594,0.309844,0.309860,0.309537,0.309532,
0.116090,0.400000,0.400000,0.289830,0.290079,0.290096,0.289777,0.289781,
0.048722,0.400000,0.400000,0.261936,0.262183,0.262198,0.261879,0.261889,
0.038833,0.400000,0.400000,0.266241,0.266489,0.266505,0.266177,0.266184,
0.098646,0.400000,0.400000,0.295446,0.295695,0.295711,0.295384,0.295379,
0.146555,0.400000,0.400000,0.309602,0.309852,0.309869,0.309546,0.309539,
0.116141,0.400000,0.400000,0.289852,0.290100,0.290117,0.289798,0.289800,
0.048791,0.400000,0.400000,0.261961,0.262209,0.262224,0.261905,0.261913,
0.038813,0.400000,0.400000,0.266224,0.266474,0.266488,0.266162,0.266168,
0.098557,0.400000,0.400000,0.295409,0.295659,0.295674,0.295345,0.295343,
0.146495,0.400000,0.400000,0.309584,0.309833,0.309851,0.309526,0.309521,
0.116178,0.400000,0.400000,0.289877,0.290125,0.290142,0.289822,0.289824,
0.048810,0.400000,0.400000,0.261975,0.262222,0.262237,0.261918,0.261927,
0.038747,0.400000,0.400000,0.266195,0.266445,0.266461,0.266133,0.266140,
0.098452,0.400000,0.400000,0.295344,0.295594,0.295610,0.295282,0.295279,
0.146461,0.400000,0.400000,0.309569,0.309818,0.309836,0.309512,0.309507,
0.116204,0.400000,0.400000,0.289894,0.290141,0.290159,0.289840,0.289843,
0.048811,0.400000,0.400000,0.261972,0.262219,0.262236,0.261915,0.261924,
0.038666,0.400000,0.400000,0.266157,0.266406,0.266422,0.266094,0.266100,
0.098365,0.400000,0.400000,0.295342,0.295593,0.295609,0.295280,0.295277,
0.146436,0.400000,0.400000,0.309586,0.309836,0.309853,0.309529,0.309523,
0.116248,0.400000,0.400000,0.289918,0.290166,0.290183,0.289864,0.289867,
0.048854,0.400000,0.400000,0.261986,0.262232,0.262249,0.261929,0.261938,
0.038636,0.400000,0.400000,0.266135,0.266384,0.266401,0.266071,0.266078,
0.098277,0.400000,0.400000,0.295304,0.295554,0.295570,0.295241,0.295238,
0.146410,0.400000,0.400000,0.309586,0.309835,0.309852,0.309528,0.309523,
0.116293,0.400000,0.400000,0.289944,0.290191,0.290208,0.289889,0.289891,
0.048878,0.400000,0.400000,0.261993,0.262239,0.262255,0.261936,0.261944,
0.038572,0.400000,0.400000,0.266097,0.266345,0.266361,0.266034,0.266040,
0.098176,0.400000,0.400000,0.295228,0.295478,0.295493,0.295165,0.295162,
0.146370,0.400000,0.400000,0.309581,0.309831,0.309847,0.309523,0.309519,
0.116314,0.400000,0.400000,0.289962,0.290211,0.290227,0.289908,0.289911,
0.048926,0.400000,0.400000,0.262024,0.262271,0.262287,0.261968,0.261976,
0.038543,0.400000,0.400000,0.266091,0.266339,0.266356,0.266027,0.266034,
0.098093,0.400000,0.400000,0.295232,0.295482,0.295497,0.295168,0.295166,
0.146344,0.400000,0.400000,0.309581,0.309831,0.309848,0.309523,0.309519,
0.116395,0.400000,0.400000,0.289997,0.290244,0.290261,0.289942,0.289945,
0.048961,0.400000,0.400000,0.262020,0.262265,0.262281,0.261962,0.261970,
0.038509,0.400000,0.400000,0.266061,0.266310,0.266325,0.265997,0.266005,
0.098000,0.400000,0.400000,0.295193,0.295442,0.295458,0.295130,0.295127,
0.146323,0.400000,0.400000,0.309582,0.309831,0.309849,0.309525,0.309519,
0.116454,0.400000,0.400000,0.290025,0.290274,0.290291,0.289973,0.289975,
0.049014,0.400000,0.400000,0.262039,0.262287,0.262303,0.261984,0.261992,
0.038476,0.400000,0.400000,0.266041,0.266291,0.266307,0.265979,0.265985,
0.097943,0.400000,0.400000,0.295176,0.295427,0.295442,0.295113,0.295110,
0.146321,0.400000,0.400000,0.309595,0.309846,0.309863,0.309538,0.309533,
0.116575,0.400000,0.400000,0.290080,0.290329,0.290345,0.290026,0.290029,
0.049413,0.400000,0.400000,0.262185,0.262431,0.262448,0.262129,0.262137,
0.038851,0.400000,0.400000,0.266162,0.266411,0.266427,0.266099,0.266106,
0.098250,0.400000,0.400000,0.295274,0.295524,0.295540,0.295211,0.295208,
0.146697,0.400000,0.400000,0.309731,0.309981,0.309998,0.309675,0.309669,
0.116960,0.400000,0.400000,0.290214,0.290463,0.290479,0.290161,0.290164,
0.049471,0.400000,0.400000,0.262194,0.262442,0.262458,0.262139,0.262148,
0.038717,0.400000,0.400000,0.266103,0.266352,0.266367,0.266040,0.266046,
0.098093,0.400000,0.400000,0.295217,0.295466,0.295482,0.295155,0.295151,
0.146589,0.400000,0.400000,0.309705,0.309955,0.309972,0.309648,0.309642,
0.116934,0.400000,0.400000,0.290218,0.290466,0.290483,0.290164,0.290167,
0.049440,0.400000,0.400000,0.262183,0.262430,0.262445,0.262127,0.262135,
0.038620,0.400000,0.400000,0.266060,0.266310,0.266324,0.265997,0.266004,
0.097924,0.400000,0.400000,0.295143,0.295394,0.295410,0.295081,0.295079,
0.146469,0.400000,0.400000,0.309656,0.309907,0.309924,0.309601,0.309595,
0.116917,0.400000,0.400000,0.290221,0.290469,0.290486,0.290168,0.290170,
0.049411,0.400000,0.400000,0.262174,0.262421,0.262437,0.262118,0.262126,
0.038512,0.400000,0.400000,0.266009,0.266258,0.266274,0.265946,0.265953,
0.097790,0.400000,0.400000,0.295096,0.295346,0.295362,0.295034,0.295031,
0.146425,0.400000,0.400000,0.309661,0.309911,0.309929,0.309605,0.309599,
0.116957,0.400000,0.400000,0.290244,0.290492,0.290510,0.290190,0.290193,
0.049417,0.400000,0.400000,0.262167,0.262414,0.262430,0.262112,0.262120,
0.038428,0.400000,0.400000,0.265963,0.266212,0.266228,0.265901,0.265907,
0.097683,0.400000,0.400000,0.295053,0.295304,0.295320,0.294991,0.294987,
0.146386,0.400000,0.400000,0.309659,0.309909,0.309926,0.309601,0.309595,
0.117003,0.400000,0.400000,0.290269,0.290518,0.290534,0.290215,0.290219,
0.049446,0.400000,0.400000,0.262168,0.262415,0.262432,0.262112,0.262121,
0.038366,0.400000,0.400000,0.265925,0.266174,0.266190,0.265861,0.265869,
0.097587,0.400000,0.400000,0.295022,0.295271,0.295287,0.294958,0.294955,
0.146354,0.400000,0.400000,0.309657,0.309908,0.309924,0.309599,0.309594,
0.117048,0.400000,0.400000,0.290290,0.290539,0.290555,0.290235,0.290239,
0.049467,0.400000,0.400000,0.262168,0.262414,0.262431,0.262112,0.262121,
0.038315,0.400000,0.400000,0.265892,0.266141,0.266157,0.265829,0.265836,
0.097500,0.400000,0.400000,0.294920,0.295170,0.295187,0.294858,0.294855,
0.146331,0.400000,0.400000,0.309636,0.309886,0.309903,0.309579,0.309573,
0.117074,0.400000,0.400000,0.290312,0.290559,0.290577,0.290258,0.290260,
0.049494,0.400000,0.400000,0.262191,0.262437,0.262454,0.262134,0.262143,
0.038246,0.400000,0.400000,0.265866,0.266114,0.266130,0.265802,0.265810,
0.097386,0.400000,0.400000,0.294935,0.295185,0.295201,0.294873,0.294870,
0.146266,0.400000,0.400000,0.309640,0.309889,0.309907,0.309583,0.309578,
0.117134,0.400000,0.400000,0.290344,0.290592,0.290608,0.290290,0.290293,
0.049545,0.400000,0.400000,0.262203,0.262450,0.262465,0.262146,0.262155,
0.038202,0.400000,0.400000,0.265834,0.266083,0.266098,0.265770,0.265777,
0.097279,0.400000,0.400000,0.294902,0.295152,0.295168,0.294839,0.294836,
0.146244,0.400000,0.400000,0.309652,0.309902,0.309919,0.309595,0.309590,
0.117193,0.400000,0.400000,0.290372,0.290620,0.290638,0.290319,0.290322,
0.049587,0.400000,0.400000,0.262215,0.262461,0.262477,0.262158,0.262167,
0.038167,0.400000,0.400000,0.265810,0.266059,0.266075,0.265747,0.265754,
0.097227,0.400000,0.400000,0.294884,0.295133,0.295149,0.294821,0.294818,
0.146255,0.400000,0.400000,0.309665,0.309916,0.309933,0.309609,0.309603,
0.117277,0.400000,0.400000,0.290410,0.290658,0.290675,0.290356,0.290358,
0.049652,0.400000,0.400000,0.262231,0.262477,0.262493,0.262174,0.262181,
0.038157,0.400000,0.400000,0.265793,0.266041,0.266058,0.265729,0.265735,
0.097160,0.400000,0.400000,0.294836,0.295085,0.295101,0.294773,0.294769,
0.146218,0.400000,0.400000,0.309644,0.309893,0.309912,0.309587,0.309581,
0.117308,0.400000,0.400000,0.290428,0.290676,0.290693,0.290373,0.290377,
0.049668,0.400000,0.400000,0.262238,0.262485,0.262501,0.262182,0.262190,
0.038087,0.400000,0.400000,0.265757,0.266007,0.266023,0.265695,0.265701,
0.097056,0.400000,0.400000,0.294813,0.295063,0.295080,0.294750,0.294747,
0.146194,0.400000,0.400000,0.309657,0.309907,0.309924,0.309599,0.309594,
0.117366,0.400000,0.400000,0.290460,0.290707,0.290724,0.290406,0.290408,
0.049719,0.400000,0.400000,0.262262,0.262507,0.262523,0.262205,0.262212,
0.038055,0.400000,0.400000,0.265741,0.265990,0.266005,0.265676,0.265683,
0.096948,0.400000,0.400000,0.294763,0.295013,0.295029,0.294701,0.294697,
0.146126,0.400000,0.400000,0.309635,0.309885,0.309902,0.309578,0.309573,
0.117429,0.400000,0.400000,0.290496,0.290743,0.290761,0.290441,0.290445,
0.049838,0.400000,0.400000,0.262314,0.262560,0.262576,0.262257,0.262265,
0.038078,0.400000,0.400000,0.265740,0.265989,0.266004,0.265678,0.265683,
0.096905,0.400000,0.400000,0.294671,0.294921,0.294937,0.294608,0.294604,
0.146167,0.400000,0.400000,0.309629,0.309879,0.309897,0.309571,0.309566,
0.117567,0.400000,0.400000,0.290557,0.290806,0.290822,0.290502,0.290506,
0.049910,0.400000,0.400000,0.262335,0.262582,0.262597,0.262278,0.262287,
0.038014,0.400000,0.400000,0.265706,0.265955,0.265971,0.265643,0.265649,
0.096760,0.400000,0.400000,0.294682,0.294932,0.294948,0.294618,0.294616,
0.146045,0.400000,0.400000,0.309618,0.309868,0.309885,0.309560,0.309555,
0.117586,0.400000,0.400000,0.290572,0.290821,0.290838,0.290518,0.290521,
0.049923,0.400000,0.400000,0.262334,0.262581,0.262597,0.262277,0.262285,
0.037986,0.400000,0.400000,0.265685,0.265934,0.265949,0.265622,0.265628,
0.096772,0.400000,0.400000,0.294690,0.294939,0.294956,0.294627,0.294623,
0.146143,0.400000,0.400000,0.309667,0.309916,0.309934,0.309609,0.309604,
0.117685,0.400000,0.400000,0.290612,0.290859,0.290876,0.290558,0.290560,
0.050002,0.400000,0.400000,0.262365,0.262611,0.262628,0.262309,0.262317,
0.037979,0.400000,0.400000,0.265673,0.265923,0.265938,0.265610,0.265617,
0.096691,0.400000,0.400000,0.294590,0.294841,0.294857,0.294528,0.294525,
0.146127,0.400000,0.400000,0.309640,0.309890,0.309907,0.309582,0.309577,
0.117742,0.400000,0.400000,0.290638,0.290886,0.290903,0.290584,0.290587,
0.050072,0.400000,0.400000,0.262385,0.262632,0.262648,0.262328,0.262337,
0.037977,0.400000,0.400000,0.265662,0.265911,0.265927,0.265599,0.265606,
0.096643,0.400000,0.400000,0.294631,0.294881,0.294898,0.294569,0.294566,
0.146096,0.400000,0.400000,0.309658,0.309907,0.309925,0.309600,0.309594,
0.117824,0.400000,0.400000,0.290679,0.290927,0.290944,0.290624,0.290627,
0.050125,0.400000,0.400000,0.262409,0.262656,0.262671,0.262351,0.262360,
0.037910,0.400000,0.400000,0.265627,0.265876,0.265891,0.265563,0.265570,
0.096528,0.400000,0.400000,0.294591,0.294842,0.294858,0.294529,0.294526,
0.146099,0.400000,0.400000,0.309685,0.309935,0.309953,0.309628,0.309622,
0.117913,0.400000,0.400000,0.290724,0.290971,0.290988,0.290668,0.290672,
0.050226,0.400000,0.400000,0.262445,0.262692,0.262707,0.262388,0.262397,
0.037910,0.400000,0.400000,0.265607,0.265857,0.265872,0.265544,0.265550,
0.096442,0.400000,0.400000,0.294460,0.294709,0.294725,0.294397,0.294394,
0.146084,0.400000,0.400000,0.309661,0.309910,0.309928,0.309603,0.309597,
0.118011,0.400000,0.400000,0.290769,0.291017,0.291035,0.290715,0.290718,
0.050282,0.400000,0.400000,0.262455,0.262702,0.262718,0.262398,0.262407,
0.037844,0.400000,0.400000,0.265570,0.265820,0.265835,0.265508,0.265514,
0.096379,0.400000,0.400000,0.294526,0.294777,0.294792,0.294464,0.294461,
0.146092,0.400000,0.400000,0.309703,0.309952,0.309968,0.309645,0.309639,
0.118107,0.400000,0.400000,0.290810,0.291058,0.291075,0.290756,0.290759,
0.050358,0.400000,0.400000,0.262477,0.262723,0.262739,0.262420,0.262428,
0.037856,0.400000,0.400000,0.265563,0.265812,0.265828,0.265501,0.265507,
0.096346,0.400000,0.400000,0.294513,0.294763,0.294779,0.294451,0.294448,
0.146090,0.400000,0.400000,0.309704,0.309953,0.309970,0.309646,0.309641,
0.118181,0.400000,0.400000,0.290843,0.291091,0.291107,0.290790,0.290791,
0.050435,0.400000,0.400000,0.262506,0.262754,0.262768,0.262451,0.262458,
0.037808,0.400000,0.400000,0.265534,0.265782,0.265798,0.265471,0.265477,
0.096209,0.400000,0.400000,0.294412,0.294661,0.294677,0.294349,0.294346,
0.146015,0.400000,0.400000,0.309667,0.309916,0.309933,0.309609,0.309604,
0.118225,0.400000,0.400000,0.290868,0.291116,0.291133,0.290814,0.290817,
0.050717,0.400000,0.400000,0.262608,0.262855,0.262872,0.262553,0.262560,
0.038072,0.400000,0.400000,0.265616,0.265865,0.265881,0.265553,0.265559,
0.096397,0.400000,0.400000,0.294507,0.294757,0.294774,0.294445,0.294440,
0.146287,0.400000,0.400000,0.309783,0.310033,0.310050,0.309726,0.309720,
0.118548,0.400000,0.400000,0.290988,0.291235,0.291253,0.290934,0.290936,
0.050753,0.400000,0.400000,0.262614,0.262860,0.262876,0.262557,0.262565,
0.037919,0.400000,0.400000,0.265551,0.265800,0.265816,0.265488,0.265494,
0.096236,0.400000,0.400000,0.294458,0.294708,0.294725,0.294395,0.294393,
0.146209,0.400000,0.400000,0.309775,0.310025,0.310042,0.309718,0.309713,
0.118535,0.400000,0.400000,0.290992,0.291239,0.291257,0.290937,0.290940,
0.050745,0.400000,0.400000,0.262614,0.262859,0.262877,0.262557,0.262566,
0.037828,0.400000,0.400000,0.265505,0.265754,0.265770,0.265443,0.265449,
0.096106,0.400000,0.400000,0.294390,0.294639,0.294656,0.294327,0.294324,
0.146139,0.400000,0.400000,0.309749,0.310000,0.310017,0.309692,0.309687,
0.118585,0.400000,0.400000,0.291016,0.291265,0.291281,0.290962,0.290965,
0.050797,0.400000,0.400000,0.262624,0.262871,0.262887,0.262568,0.262575,
0.037790,0.400000,0.400000,0.265482,0.265732,0.265747,0.265420,0.265426,
0.096006,0.400000,0.400000,0.294362,0.294612,0.294629,0.294299,0.294297,
0.146111,0.400000,0.400000,0.309754,0.310004,0.310021,0.309697,0.309692,
0.118637,0.400000,0.400000,0.291047,0.291294,0.291311,0.290992,0.290996,
0.050831,0.400000,0.400000,0.262643,0.262889,0.262906,0.262586,0.262595,
0.037714,0.400000,0.400000,0.265446,0.265696,0.265711,0.265383,0.265390,
0.095881,0.400000,0.400000,0.294315,0.294566,0.294581,0.294252,0.294250,
0.146041,0.400000,0.400000,0.309740,0.309991,0.310007,0.309682,0.309678,
0.118700,0.400000,0.400000,0.291080,0.291328,0.291345,0.291025,0.291029,
0.050871,0.400000,0.400000,0.262650,0.262897,0.262914,0.262594,0.262602,
0.037650,0.400000,0.400000,0.265407,0.265656,0.265671,0.265344,0.265350,
0.095740,0.400000,0.400000,0.294253,0.294503,0.294519,0.294190,0.294187,
0.145991,0.400000,0.400000,0.309732,0.309982,0.309999,0.309675,0.309670,
0.118744,0.400000,0.400000,0.291109,0.291357,0.291375,0.291054,0.291058,
0.050895,0.400000,0.400000,0.262660,0.262907,0.262923,0.262603,0.262613,
0.037569,0.400000,0.400000,0.265359,0.265609,0.265624,0.265296,0.265303,
0.095610,0.400000,0.400000,0.294080,0.294330,0.294347,0.294018,0.294014,
0.145936,0.400000,0.400000,0.309667,0.309916,0.309934,0.309609,0.309603,
0.118793,0.400000,0.400000,0.291134,0.291383,0.291401,0.291081,0.291083,
0.050924,0.400000,0.400000,0.262661,0.262910,0.262924,0.262606,0.262614,
0.037505,0.400000,0.400000,0.265326,0.265575,0.265591,0.265263,0.265270,
0.095504,0.400000,0.400000,0.294163,0.294413,0.294429,0.294099,0.294097,
0.145892,0.400000,0.400000,0.309717,0.309967,0.309984,0.309660,0.309654,
0.118850,0.400000,0.400000,0.291164,0.291412,0.291430,0.291110,0.291113,
0.050966,0.400000,0.400000,0.262680,0.262927,0.262942,0.262623,0.262632,
0.037447,0.400000,0.400000,0.265293,0.265542,0.265558,0.265230,0.265237,
0.095381,0.400000,0.400000,0.294087,0.294337,0.294353,0.294024,0.294022,
0.145827,0.400000,0.400000,0.309694,0.309944,0.309961,0.309637,0.309632,
0.118862,0.400000,0.400000,0.291179,0.291428,0.291445,0.291126,0.291128,
0.050989,0.400000,0.400000,0.262692,0.262940,0.262955,0.262636,0.262645,
0.037363,0.400000,0.400000,0.265251,0.265500,0.265515,0.265187,0.265195,
0.095244,0.400000,0.400000,0.294036,0.294285,0.294302,0.293972,0.293970,
0.145751,0.400000,0.400000,0.309676,0.309926,0.309943,0.309619,0.309613,
0.118918,0.400000,0.400000,0.291213,0.291462,0.291479,0.291159,0.291162,
0.051039,0.400000,0.400000,0.262708,0.262956,0.262972,0.262653,0.262661,
0.037309,0.400000,0.400000,0.265220,0.265469,0.265484,0.265157,0.265163,
0.095119,0.400000,0.400000,0.294009,0.294259,0.294275,0.293946,0.293943,
0.145706,0.400000,0.400000,0.309680,0.309930,0.309947,0.309623,0.309617,
0.118964,0.400000,0.400000,0.291239,0.291488,0.291504,0.291185,0.291188,
0.051066,0.400000,0.400000,0.262716,0.262963,0.262979,0.262660,0.262668,
0.037240,0.400000,0.400000,0.265183,0.265433,0.265447,0.265120,0.265126,
0.094997,0.400000,0.400000,0.293931,0.294182,0.294197,0.293869,0.293866,
0.145644,0.400000,0.400000,0.309656,0.309907,0.309923,0.309599,0.309593,
0.119017,0.400000,0.400000,0.291270,0.291519,0.291536,0.291217,0.291219,
0.051115,0.400000,0.400000,0.262737,0.262984,0.263000,0.262681,0.262689,
0.037183,0.400000,0.400000,0.265151,0.265400,0.265415,0.265087,0.265094,
0.094889,0.400000,0.400000,0.293913,0.294162,0.294179,0.293849,0.293847,
0.145622,0.400000,0.400000,0.309665,0.309915,0.309932,0.309607,0.309602,
0.119112,0.400000,0.400000,0.291313,0.291562,0.291579,0.291260,0.291262,
0.051383,0.400000,0.400000,0.262832,0.263078,0.263094,0.262775,0.262784,
0.037401,0.400000,0.400000,0.265217,0.265466,0.265482,0.265153,0.265160,
0.095045,0.400000,0.400000,0.293969,0.294218,0.294235,0.293906,0.293902,
0.145837,0.400000,0.400000,0.309752,0.310002,0.310019,0.309694,0.309689,
0.119379,0.400000,0.400000,0.291417,0.291665,0.291682,0.291362,0.291366,
0.051455,0.400000,0.400000,0.262855,0.263101,0.263118,0.262798,0.262807,
0.037305,0.400000,0.400000,0.265164,0.265413,0.265429,0.265100,0.265108,
0.094899,0.400000,0.400000,0.293874,0.294124,0.294140,0.293810,0.293809,
0.145768,0.400000,0.400000,0.309726,0.309975,0.309992,0.309667,0.309663,
0.119434,0.400000,0.400000,0.291446,0.291694,0.291711,0.291391,0.291395,
0.051475,0.400000,0.400000,0.262854,0.263101,0.263118,0.262798,0.262807,
0.037196,0.400000,0.400000,0.265110,0.265360,0.265375,0.265047,0.265054,
0.094740,0.400000,0.400000,0.293856,0.294105,0.294122,0.293792,0.293790,
0.145709,0.400000,0.400000,0.309733,0.309982,0.310000,0.309675,0.309669,
0.119461,0.400000,0.400000,0.291457,0.291706,0.291723,0.291403,0.291405,
0.051449,0.400000,0.400000,0.262824,0.263072,0.263088,0.262768,0.262777,
0.037080,0.400000,0.400000,0.265046,0.265295,0.265311,0.264983,0.264990,
0.094597,0.400000,0.400000,0.293796,0.294046,0.294062,0.293733,0.293730,
0.145651,0.400000,0.400000,0.309732,0.309981,0.309999,0.309673,0.309668,
0.119509,0.400000,0.400000,0.291497,0.291745,0.291761,0.291443,0.291445,
0.051477,0.400000,0.400000,0.262840,0.263087,0.263103,0.262784,0.262791,
0.036977,0.400000,0.400000,0.264993,0.265242,0.265258,0.264930,0.264936,
0.094436,0.400000,0.400000,0.293700,0.293950,0.293966,0.293637,0.293634,
0.145596,0.400000,0.400000,0.309707,0.309956,0.309974,0.309649,0.309644,
0.119580,0.400000,0.400000,0.291529,0.291776,0.291794,0.291474,0.291478,
0.051555,0.400000,0.400000,0.262868,0.263113,0.263130,0.262811,0.262819,
0.036940,0.400000,0.400000,0.264970,0.265220,0.265234,0.264906,0.264914,
0.094326,0.400000,0.400000,0.293688,0.293938,0.293953,0.293624,0.293622,
0.145548,0.400000,0.400000,0.309714,0.309965,0.309982,0.309657,0.309651,
0.119647,0.400000,0.400000,0.291569,0.291818,0.291834,0.291516,0.291518,
0.051632,0.400000,0.400000,0.262906,0.263153,0.263168,0.262850,0.262859,
0.036923,0.400000,0.400000,0.264956,0.265205,0.265220,0.264892,0.264900,
0.094212,0.400000,0.400000,0.293526,0.293775,0.293791,0.293462,0.293458,
0.145497,0.400000,0.400000,0.309644,0.309893,0.309911,0.309586,0.309581,
0.119745,0.400000,0.400000,0.291614,0.291862,0.291879,0.291560,0.291564,
0.051733,0.400000,0.400000,0.262935,0.263182,0.263197,0.262879,0.262888,
0.036913,0.400000,0.400000,0.264936,0.265184,0.265199,0.264872,0.264879,
0.094143,0.400000,0.400000,0.293574,0.293823,0.293840,0.293511,0.293508,
0.145510,0.400000,0.400000,0.309709,0.309958,0.309975,0.309651,0.309646,
0.119860,0.400000,0.400000,0.291669,0.291917,0.291935,0.291614,0.291618,
0.051863,0.400000,0.400000,0.262994,0.263241,0.263257,0.262937,0.262946,
0.036920,0.400000,0.400000,0.264933,0.265182,0.265197,0.264870,0.264876,
0.094078,0.400000,0.400000,0.293581,0.293831,0.293847,0.293517,0.293515,
0.145499,0.400000,0.400000,0.309727,0.309977,0.309994,0.309670,0.309664,
0.119955,0.400000,0.400000,0.291715,0.291963,0.291981,0.291660,0.291663,
0.051959,0.400000,0.400000,0.263030,0.263276,0.263293,0.262973,0.262982,
0.036917,0.400000,0.400000,0.264917,0.265165,0.265181,0.264853,0.264860,
0.094025,0.400000,0.400000,0.293528,0.293777,0.293793,0.293464,0.293463,
0.145499,0.400000,0.400000,0.309728,0.309977,0.309995,0.309670,0.309664,
0.120058,0.400000,0.400000,0.291760,0.292008,0.292026,0.291706,0.291708,
0.052065,0.400000,0.400000,0.263067,0.263313,0.263329,0.263010,0.263019,
0.036911,0.400000,0.400000,0.264902,0.265152,0.265166,0.264839,0.264846,
0.093906,0.400000,0.400000,0.293464,0.293714,0.293730,0.293401,0.293399,
0.145434,0.400000,0.400000,0.309697,0.309946,0.309963,0.309638,0.309633,
0.120094,0.400000,0.400000,0.291783,0.292032,0.292049,0.291729,0.291732,
0.052100,0.400000,0.400000,0.263081,0.263328,0.263345,0.263025,0.263034,
0.036847,0.400000,0.400000,0.264868,0.265117,0.265132,0.264805,0.264812,
0.093798,0.400000,0.400000,0.293451,0.293700,0.293716,0.293386,0.293384,
0.145381,0.400000,0.400000,0.309700,0.309949,0.309966,0.309641,0.309636,
0.120169,0.400000,0.400000,0.291824,0.292072,0.292089,0.291769,0.291772,
0.052171,0.400000,0.400000,0.263107,0.263353,0.263369,0.263050,0.263059,
0.036797,0.400000,0.400000,0.264835,0.265084,0.265098,0.264771,0.264778,
0.093661,0.400000,0.400000,0.293395,0.293644,0.293660,0.293331,0.293328,
0.145320,0.400000,0.400000,0.309689,0.309939,0.309955,0.309630,0.309625,
0.120243,0.400000,0.400000,0.291861,0.292110,0.292127,0.291808,0.291811,
0.052578,0.400000,0.400000,0.263252,0.263498,0.263514,0.263196,0.263204,
0.037187,0.400000,0.400000,0.264955,0.265205,0.265220,0.264893,0.264899,
0.093968,0.400000,0.400000,0.293487,0.293737,0.293753,0.293424,0.293421,
0.145696,0.400000,0.400000,0.309821,0.310070,0.310088,0.309763,0.309757,
0.120685,0.400000,0.400000,0.292020,0.292269,0.292286,0.291967,0.291969,
0.052657,0.400000,0.400000,0.263273,0.263519,0.263535,0.263216,0.263225,
0.036994,0.400000,0.400000,0.264872,0.265120,0.265137,0.264807,0.264815,
0.093716,0.400000,0.400000,0.293398,0.293648,0.293664,0.293335,0.293332,
0.145517,0.400000,0.400000,0.309771,0.310021,0.310038,0.309714,0.309708,
0.120610,0.400000,0.400000,0.292010,0.292258,0.292275,0.291956,0.291958,
0.052591,0.400000,0.400000,0.263256,0.263503,0.263519,0.263200,0.263209,
0.036854,0.400000,0.400000,0.264814,0.265063,0.265079,0.264752,0.264758,
0.093520,0.400000,0.400000,0.293323,0.293573,0.293589,0.293259,0.293257,
0.145396,0.400000,0.400000,0.309738,0.309988,0.310005,0.309680,0.309675,
0.120632,0.400000,0.400000,0.292031,0.292280,0.292297,0.291977,0.291981,
0.052643,0.400000,0.400000,0.263276,0.263524,0.263539,0.263221,0.263229,
0.036781,0.400000,0.400000,0.264770,0.265019,0.265034,0.264707,0.264714,
0.093346,0.400000,0.400000,0.293218,0.293468,0.293485,0.293156,0.293152,
0.145314,0.400000,0.400000,0.309711,0.309962,0.309979,0.309655,0.309648,
0.120688,0.400000,0.400000,0.292064,0.292312,0.292329,0.292010,0.292013,
0.052642,0.400000,0.400000,0.263264,0.263510,0.263527,0.263207,0.263216,
0.036654,0.400000,0.400000,0.264705,0.264953,0.264969,0.264641,0.264648,
0.093177,0.400000,0.400000,0.293185,0.293434,0.293451,0.293122,0.293119,
0.145156,0.400000,0.400000,0.309671,0.309920,0.309937,0.309613,0.309607,
0.120468,0.400000,0.400000,0.291994,0.292242,0.292258,0.291940,0.291942,
0.052394,0.400000,0.400000,0.263188,0.263435,0.263450,0.263131,0.263139,
0.036337,0.400000,0.400000,0.264587,0.264836,0.264851,0.264524,0.264531,
0.092827,0.400000,0.400000,0.293063,0.293312,0.293329,0.293000,0.292997,
0.144966,0.400000,0.400000,0.309629,0.309879,0.309895,0.309571,0.309566,
0.120566,0.400000,0.400000,0.292055,0.292303,0.292320,0.292000,0.292003,
0.052517,0.400000,0.400000,0.263233,0.263479,0.263496,0.263177,0.263186,
0.036344,0.400000,0.400000,0.264572,0.264821,0.264837,0.264509,0.264517,
0.092742,0.400000,0.400000,0.292892,0.293142,0.293158,0.292829,0.292827,
0.144960,0.400000,0.400000,0.309553,0.309804,0.309820,0.309496,0.309490,
0.120701,0.400000,0.400000,0.292106,0.292354,0.292370,0.292052,0.292053,
0.052642,0.400000,0.400000,0.263267,0.263513,0.263529,0.263211,0.263219,
0.036339,0.400000,0.400000,0.264553,0.264802,0.264818,0.264490,0.264497,
0.092677,0.400000,0.400000,0.292994,0.293244,0.293259,0.292930,0.292928,
0.144960,0.400000,0.400000,0.309644,0.309894,0.309911,0.309586,0.309580,
0.120786,0.400000,0.400000,0.292150,0.292399,0.292416,0.292096,0.292098,
0.052725,0.400000,0.400000,0.263304,0.263550,0.263565,0.263247,0.263255,
0.036320,0.400000,0.400000,0.264538,0.264787,0.264802,0.264475,0.264482,
0.092589,0.400000,0.400000,0.292950,0.293200,0.293216,0.292886,0.292884,
0.144954,0.400000,0.400000,0.309649,0.309899,0.309916,0.309591,0.309586,
0.120910,0.400000,0.400000,0.292205,0.292453,0.292470,0.292150,0.292153,
0.052826,0.400000,0.400000,0.263332,0.263578,0.263594,0.263275,0.263283,
0.036285,0.400000,0.400000,0.264497,0.264746,0.264761,0.264434,0.264440,
0.092501,0.400000,0.400000,0.292847,0.293097,0.293113,0.292784,0.292781,
0.144977,0.400000,0.400000,0.309657,0.309907,0.309924,0.309599,0.309593,
0.121066,0.400000,0.400000,0.292276,0.292523,0.292540,0.292221,0.292224,
0.052983,0.400000,0.400000,0.263390,0.263637,0.263652,0.263333,0.263342,
0.036306,0.400000,0.400000,0.264497,0.264747,0.264762,0.264434,0.264441,
0.092422,0.400000,0.400000,0.292883,0.293132,0.293149,0.292820,0.292817,
0.144948,0.400000,0.400000,0.309679,0.309928,0.309946,0.309621,0.309615,
0.121130,0.400000,0.400000,0.292310,0.292558,0.292575,0.292256,0.292258,
0.053041,0.400000,0.400000,0.263413,0.263659,0.263676,0.263357,0.263365,
0.036249,0.400000,0.400000,0.264464,0.264712,0.264728,0.264401,0.264408,
0.092299,0.400000,0.400000,0.292826,0.293076,0.293091,0.292763,0.292760,
0.144907,0.400000,0.400000,0.309668,0.309918,0.309935,0.309610,0.309604,
0.121232,0.400000,0.400000,0.292359,0.292607,0.292624,0.292305,0.292306,
0.053130,0.400000,0.400000,0.263442,0.263688,0.263704,0.263386,0.263394,
0.036209,0.400000,0.400000,0.264430,0.264680,0.264695,0.264368,0.264375,
0.092182,0.400000,0.400000,0.292756,0.293006,0.293022,0.292693,0.292691,
0.144870,0.400000,0.400000,0.309657,0.309907,0.309924,0.309599,0.309594,
0.121325,0.400000,0.400000,0.292403,0.292651,0.292669,0.292349,0.292352,
0.053383,0.400000,0.400000,0.263529,0.263776,0.263792,0.263473,0.263481,
0.036409,0.400000,0.400000,0.264484,0.264734,0.264750,0.264422,0.264428,
0.092286,0.400000,0.400000,0.292799,0.293050,0.293067,0.292736,0.292734,
0.145037,0.400000,0.400000,0.309729,0.309979,0.309997,0.309672,0.309665,
0.121619,0.400000,0.400000,0.292517,0.292764,0.292782,0.292463,0.292464,
0.053496,0.400000,0.400000,0.263563,0.263810,0.263826,0.263507,0.263515,
0.036286,0.400000,0.400000,0.264421,0.264670,0.264686,0.264359,0.264366,
0.092081,0.400000,0.400000,0.292725,0.292975,0.292991,0.292662,0.292660,
0.144934,0.400000,0.400000,0.309716,0.309965,0.309982,0.309658,0.309653,
0.121632,0.400000,0.400000,0.292540,0.292788,0.292804,0.292485,0.292487,
0.053508,0.400000,0.400000,0.263569,0.263816,0.263832,0.263513,0.263521,
0.036174,0.400000,0.400000,0.264365,0.264613,0.264630,0.264302,0.264308,
0.091901,0.400000,0.400000,0.292630,0.292881,0.292896,0.292567,0.292564,
0.144845,0.400000,0.400000,0.309690,0.309940,0.309956,0.309632,0.309626,
0.121663,0.400000,0.400000,0.292564,0.292812,0.292830,0.292509,0.292512,
0.053539,0.400000,0.400000,0.263579,0.263826,0.263841,0.263523,0.263531,
0.036109,0.400000,0.400000,0.264328,0.264578,0.264593,0.264265,0.264272,
0.091785,0.400000,0.400000,0.292606,0.292857,0.292873,0.292544,0.292541,
0.144805,0.400000,0.400000,0.309691,0.309941,0.309958,0.309634,0.309627,
0.121751,0.400000,0.400000,0.292602,0.292851,0.292868,0.292548,0.292550,
0.053605,0.400000,0.400000,0.263597,0.263843,0.263860,0.263541,0.263548,
0.036055,0.400000,0.400000,0.264290,0.264538,0.264553,0.264226,0.264232,
0.091676,0.400000,0.400000,0.292564,0.292814,0.292830,0.292501,0.292499,
0.144774,0.400000,0.400000,0.309694,0.309944,0.309961,0.309637,0.309631,
0.121835,0.400000,0.400000,0.292648,0.292896,0.292913,0.292593,0.292596,
0.053689,0.400000,0.400000,0.263632,0.263878,0.263894,0.263575,0.263584,
0.036021,0.400000,0.400000,0.264264,0.264513,0.264529,0.264201,0.264208,
0.091548,0.400000,0.400000,0.292479,0.292729,0.292745,0.292415,0.292413,
0.144721,0.400000,0.400000,0.309677,0.309926,0.309943,0.309618,0.309613,
0.121912,0.400000,0.400000,0.292689,0.292938,0.292954,0.292635,0.292637,
0.053755,0.400000,0.400000,0.263651,0.263898,0.263914,0.263595,0.263604,
0.035952,0.400000,0.400000,0.264221,0.264470,0.264486,0.264158,0.264166,
0.091399,0.400000,0.400000,0.292420,0.292670,0.292687,0.292358,0.292355,
0.144673,0.400000,0.400000,0.309669,0.309919,0.309936,0.309612,0.309606,
0.121987,0.400000,0.400000,0.292730,0.292979,0.292996,0.292677,0.292679,
0.053826,0.400000,0.400000,0.263680,0.263927,0.263943,0.263624,0.263633,
0.035896,0.400000,0.400000,0.264188,0.264438,0.264453,0.264125,0.264132,
0.091281,0.400000,0.400000,0.292404,0.292654,0.292670,0.292341,0.292338,
0.144631,0.400000,0.400000,0.309686,0.309935,0.309953,0.309628,0.309622,
0.122057,0.400000,0.400000,0.292766,0.293014,0.293031,0.292711,0.292713,
0.053890,0.400000,0.400000,0.263698,0.263945,0.263961,0.263642,0.263651,
0.035844,0.400000,0.400000,0.264149,0.264398,0.264414,0.264086,0.264093,
0.091148,0.400000,0.400000,0.292312,0.292563,0.292578,0.292248,0.292247,
0.144579,0.400000,0.400000,0.309661,0.309911,0.309928,0.309603,0.309597,
0.122161,0.400000,0.400000,0.292818,0.293067,0.293084,0.292764,0.292766,
0.053967,0.400000,0.400000,0.263722,0.263969,0.263986,0.263667,0.263675,
0.035800,0.400000,0.400000,0.264115,0.264365,0.264381,0.264053,0.264060,
0.091021,0.400000,0.400000,0.292248,0.292498,0.292515,0.292186,0.292184,
0.144525,0.400000,0.400000,0.309653,0.309903,0.309920,0.309595,0.309589,
0.122242,0.400000,0.400000,0.292858,0.293107,0.293124,0.292805,0.292807,
0.054058,0.400000,0.400000,0.263757,0.264003,0.264018,0.263700,0.263708,
0.035742,0.400000,0.400000,0.264082,0.264330,0.264346,0.264019,0.264026,
0.090884,0.400000,0.400000,0.292234,0.292483,0.292500,0.292170,0.292168,
0.144468,0.400000,0.400000,0.309654,0.309904,0.309921,0.309596,0.309589,
0.122347,0.400000,0.400000,0.292913,0.293161,0.293180,0.292859,0.292861,
0.054154,0.400000,0.400000,0.263789,0.264035,0.264052,0.263733,0.263742,
0.035698,0.400000,0.400000,0.264042,0.264291,0.264306,0.263979,0.263986,
0.090764,0.400000,0.400000,0.292155,0.292405,0.292421,0.292091,0.292090,
0.144469,0.400000,0.400000,0.309662,0.309911,0.309929,0.309604,0.309598,
0.122470,0.400000,0.400000,0.292965,0.293213,0.293230,0.292911,0.292913,
0.054256,0.400000,0.400000,0.263812,0.264058,0.264076,0.263757,0.263764,
0.035649,0.400000,0.400000,0.264002,0.264251,0.264267,0.263940,0.263946,
0.090668,0.400000,0.400000,0.292151,0.292401,0.292417,0.292088,0.292085,
0.144464,0.400000,0.400000,0.309688,0.309937,0.309956,0.309630,0.309624,
0.122594,0.400000,0.400000,0.293024,0.293272,0.293290,0.292968,0.292972,
0.054447,0.400000,0.400000,0.263884,0.264130,0.264146,0.263826,0.263836,
0.035744,0.400000,0.400000,0.264020,0.264269,0.264285,0.263957,0.263965,
0.090671,0.400000,0.400000,0.292139,0.292388,0.292405,0.292075,0.292074,
0.144530,0.400000,0.400000,0.309720,0.309969,0.309987,0.309661,0.309656,
0.122805,0.400000,0.400000,0.293110,0.293357,0.293375,0.293055,0.293057,
0.054575,0.400000,0.400000,0.263923,0.264169,0.264186,0.263867,0.263876,
0.035685,0.400000,0.400000,0.263977,0.264227,0.264243,0.263915,0.263922,
0.090510,0.400000,0.400000,0.292037,0.292288,0.292304,0.291974,0.291973,
0.144477,0.400000,0.400000,0.309701,0.309952,0.309970,0.309644,0.309638,
0.122863,0.400000,0.400000,0.293146,0.293395,0.293413,0.293092,0.293095,
0.054637,0.400000,0.400000,0.263954,0.264202,0.264217,0.263899,0.263907,
0.035631,0.400000,0.400000,0.263952,0.264201,0.264217,0.263889,0.263895,
0.090385,0.400000,0.400000,0.292025,0.292274,0.292291,0.291961,0.291959,
0.144427,0.400000,0.400000,0.309715,0.309965,0.309982,0.309657,0.309652,
0.122981,0.400000,0.400000,0.293208,0.293455,0.293472,0.293153,0.293156,
0.054770,0.400000,0.400000,0.264002,0.264248,0.264264,0.263946,0.263954,
0.035609,0.400000,0.400000,0.263921,0.264170,0.264185,0.263858,0.263865,
0.090276,0.400000,0.400000,0.291972,0.292223,0.292238,0.291908,0.291906,
0.144418,0.400000,0.400000,0.309720,0.309970,0.309986,0.309661,0.309655,
0.123116,0.400000,0.400000,0.293265,0.293513,0.293530,0.293211,0.293212,
0.054877,0.400000,0.400000,0.264026,0.264273,0.264289,0.263970,0.263977,
0.035555,0.400000,0.400000,0.263871,0.264121,0.264136,0.263809,0.263815,
0.090139,0.400000,0.400000,0.291887,0.292137,0.292152,0.291824,0.291821,
0.144380,0.400000,0.400000,0.309712,0.309960,0.309978,0.309652,0.309646,
0.123224,0.400000,0.400000,0.293318,0.293566,0.293583,0.293263,0.293266,
0.054963,0.400000,0.400000,0.264057,0.264304,0.264320,0.264001,0.264010,
0.035511,0.400000,0.400000,0.263842,0.264091,0.264106,0.263779,0.263786,
0.090026,0.400000,0.400000,0.291868,0.292118,0.292133,0.291804,0.291802,
0.144335,0.400000,0.400000,0.309714,0.309964,0.309980,0.309655,0.309650,
0.123284,0.400000,0.400000,0.293351,0.293599,0.293617,0.293297,0.293300,
0.055029,0.400000,0.400000,0.264085,0.264332,0.264348,0.264029,0.264037,
0.035448,0.400000,0.400000,0.263804,0.264052,0.264068,0.263741,0.263747,
0.089885,0.400000,0.400000,0.291791,0.292040,0.292057,0.291726,0.291725,
0.144271,0.400000,0.400000,0.309690,0.309940,0.309956,0.309632,0.309626,
0.123366,0.400000,0.400000,0.293396,0.293644,0.293661,0.293342,0.293344,
0.055129,0.400000,0.400000,0.264123,0.264370,0.264387,0.264068,0.264076,
0.035400,0.400000,0.400000,0.263767,0.264016,0.264030,0.263704,0.263711,
0.089742,0.400000,0.400000,0.291724,0.291974,0.291990,0.291661,0.291659,
0.144220,0.400000,0.400000,0.309686,0.309936,0.309953,0.309628,0.309623,
0.123485,0.400000,0.400000,0.293454,0.293702,0.293719,0.293400,0.293402,
0.055225,0.400000,0.400000,0.264152,0.264399,0.264416,0.264097,0.264105,
0.035348,0.400000,0.400000,0.263730,0.263978,0.263994,0.263667,0.263674,
0.089607,0.400000,0.400000,0.291695,0.291945,0.291960,0.291633,0.291630,
0.144184,0.400000,0.400000,0.309703,0.309953,0.309970,0.309645,0.309639,
0.123576,0.400000,0.400000,0.293501,0.293749,0.293766,0.293446,0.293449,
0.055328,0.400000,0.400000,0.264188,0.264434,0.264451,0.264131,0.264140,
0.035301,0.400000,0.400000,0.263687,0.263936,0.263952,0.263624,0.263632,
0.089462,0.400000,0.400000,0.291593,0.291842,0.291858,0.291529,0.291526,
0.144133,0.400000,0.400000,0.309687,0.309937,0.309954,0.309629,0.309623,
0.123670,0.400000,0.400000,0.293549,0.293799,0.293814,0.293496,0.293498,
0.055402,0.400000,0.400000,0.264219,0.264465,0.264481,0.264162,0.264171,
0.035236,0.400000,0.400000,0.263653,0.263902,0.263918,0.263590,0.263598,
0.089321,0.400000,0.400000,0.291556,0.291807,0.291822,0.291492,0.291491,
0.144079,0.400000,0.400000,0.309691,0.309941,0.309957,0.309632,0.309627,
0.123743,0.400000,0.400000,0.293591,0.293840,0.293856,0.293538,0.293539,
0.055480,0.400000,0.400000,0.264247,0.264493,0.264509,0.264191,0.264198,
0.035195,0.400000,0.400000,0.263625,0.263875,0.263890,0.263563,0.263570,
0.089205,0.400000,0.400000,0.291534,0.291786,0.291801,0.291471,0.291470,
0.144060,0.400000,0.400000,0.309706,0.309956,0.309973,0.309648,0.309642,
0.123867,0.400000,0.400000,0.293648,0.293896,0.293915,0.293594,0.293597,
0.055600,0.400000,0.400000,0.264283,0.264529,0.264546,0.264226,0.264235,
0.035171,0.400000,0.400000,0.263593,0.263842,0.263857,0.263530,0.263537,
0.089110,0.400000,0.400000,0.291495,0.291746,0.291762,0.291432,0.291430,
0.144058,0.400000,0.400000,0.309723,0.309972,0.309990,0.309664,0.309659,
0.124004,0.400000,0.400000,0.293709,0.293957,0.293975,0.293655,0.293657,
0.055806,0.400000,0.400000,0.264351,0.264598,0.264613,0.264295,0.264303,
0.035268,0.400000,0.400000,0.263600,0.263850,0.263865,0.263539,0.263546,
0.089114,0.400000,0.400000,0.291458,0.291709,0.291724,0.291396,0.291393,
0.144166,0.400000,0.400000,0.309765,0.310016,0.310031,0.309707,0.309701,
0.124248,0.400000,0.400000,0.293812,0.294060,0.294076,0.293757,0.293759,
0.055941,0.400000,0.400000,0.264398,0.264645,0.264661,0.264342,0.264350,
0.035187,0.400000,0.400000,0.263556,0.263806,0.263820,0.263493,0.263500,
0.088945,0.400000,0.400000,0.291420,0.291670,0.291686,0.291357,0.291354,
0.144098,0.400000,0.400000,0.309768,0.310017,0.310035,0.309710,0.309703,
0.124335,0.400000,0.400000,0.293857,0.294105,0.294123,0.293803,0.293805,
0.056031,0.400000,0.400000,0.264426,0.264672,0.264688,0.264368,0.264378,
0.035123,0.400000,0.400000,0.263505,0.263755,0.263770,0.263442,0.263452,
0.088795,0.400000,0.400000,0.291355,0.291605,0.291620,0.291291,0.291291,
0.144042,0.400000,0.400000,0.309761,0.310011,0.310029,0.309703,0.309699,
0.124422,0.400000,0.400000,0.293900,0.294147,0.294166,0.293845,0.293848,
0.056117,0.400000,0.400000,0.264445,0.264691,0.264708,0.264389,0.264397,
0.035096,0.400000,0.400000,0.263476,0.263725,0.263740,0.263413,0.263420,
0.088696,0.400000,0.400000,0.291299,0.291550,0.291565,0.291236,0.291234,
0.144044,0.400000,0.400000,0.309778,0.310028,0.310045,0.309720,0.309715,
0.124572,0.400000,0.400000,0.293970,0.294219,0.294236,0.293916,0.293918,
0.056271,0.400000,0.400000,0.264504,0.264751,0.264767,0.264449,0.264457,
0.035076,0.400000,0.400000,0.263451,0.263700,0.263715,0.263388,0.263396,
0.088549,0.400000,0.400000,0.291253,0.291502,0.291518,0.291189,0.291187,
0.143976,0.400000,0.400000,0.309769,0.310019,0.310035,0.309711,0.309705,
0.124687,0.400000,0.400000,0.294027,0.294276,0.294292,0.293972,0.293975,
0.056383,0.400000,0.400000,0.264546,0.264794,0.264809,0.264491,0.264499,
0.035050,0.400000,0.400000,0.263424,0.263673,0.263688,0.263361,0.263369,
0.088435,0.400000,0.400000,0.291197,0.291447,0.291464,0.291134,0.291132,
0.143949,0.400000,0.400000,0.309769,0.310019,0.310036,0.309711,0.309705,
0.124799,0.400000,0.400000,0.294082,0.294330,0.294347,0.294027,0.294029,
0.056512,0.400000,0.400000,0.264597,0.264843,0.264859,0.264541,0.264549,
0.035018,0.400000,0.400000,0.263395,0.263644,0.263658,0.263331,0.263339,
0.088302,0.400000,0.400000,0.291074,0.291324,0.291340,0.291009,0.291008,
0.143894,0.400000,0.400000,0.309713,0.309963,0.309979,0.309654,0.309648,
0.124881,0.400000,0.400000,0.294124,0.294373,0.294389,0.294069,0.294071,
0.056587,0.400000,0.400000,0.264619,0.264867,0.264882,0.264563,0.264572,
0.034987,0.400000,0.400000,0.263365,0.263614,0.263629,0.263302,0.263310,
0.088172,0.400000,0.400000,0.291085,0.291335,0.291351,0.291022,0.291019,
0.143846,0.400000,0.400000,0.309753,0.310003,0.310020,0.309695,0.309689,
0.124983,0.400000,0.400000,0.294176,0.294425,0.294441,0.294121,0.294123,
0.056695,0.400000,0.400000,0.264661,0.264908,0.264925,0.264605,0.264614,
0.034943,0.400000,0.400000,0.263335,0.263584,0.263600,0.263272,0.263280,
0.088025,0.400000,0.400000,0.291027,0.291277,0.291293,0.290964,0.290962,
0.143768,0.400000,0.400000,0.309743,0.309992,0.310010,0.309685,0.309678,
0.125034,0.400000,0.400000,0.294211,0.294459,0.294477,0.294156,0.294158,
0.056768,0.400000,0.400000,0.264697,0.264944,0.264960,0.264642,0.264649,
0.034875,0.400000,0.400000,0.263291,0.263540,0.263555,0.263228,0.263235,
0.087854,0.400000,0.400000,0.290882,0.291132,0.291147,0.290817,0.290816,
0.143686,0.400000,0.400000,0.309695,0.309945,0.309962,0.309637,0.309632,
0.125143,0.400000,0.400000,0.294268,0.294517,0.294534,0.294213,0.294216,
0.056877,0.400000,0.400000,0.264735,0.264981,0.264997,0.264677,0.264686,
0.034832,0.400000,0.400000,0.263260,0.263509,0.263524,0.263197,0.263204,
0.087693,0.400000,0.400000,0.290883,0.291133,0.291149,0.290819,0.290818,
0.143607,0.400000,0.400000,0.309707,0.309956,0.309973,0.309648,0.309643,
0.125210,0.400000,0.400000,0.294307,0.294556,0.294573,0.294253,0.294255,
0.056950,0.400000,0.400000,0.264760,0.265006,0.265023,0.264705,0.264712,
0.034776,0.400000,0.400000,0.263218,0.263467,0.263482,0.263156,0.263163,
0.087583,0.400000,0.400000,0.290839,0.291090,0.291105,0.290777,0.290775,
0.143589,0.400000,0.400000,0.309719,0.309969,0.309986,0.309661,0.309655,
0.125324,0.400000,0.400000,0.294362,0.294611,0.294628,0.294308,0.294310,
0.057060,0.400000,0.400000,0.264798,0.265045,0.265061,0.264742,0.264750,
0.034730,0.400000,0.400000,0.263182,0.263430,0.263446,0.263119,0.263126,
0.087410,0.400000,0.400000,0.290742,0.290991,0.291007,0.290677,0.290676,
0.143506,0.400000,0.400000,0.309689,0.309939,0.309956,0.309630,0.309625,
0.125417,0.400000,0.400000,0.294413,0.294661,0.294678,0.294357,0.294360,
0.057262,0.400000,0.400000,0.264871,0.265118,0.265134,0.264815,0.264823,
0.034837,0.400000,0.400000,0.263203,0.263452,0.263467,0.263140,0.263148,
0.087403,0.400000,0.400000,0.290750,0.291000,0.291016,0.290687,0.290685,
0.143561,0.400000,0.400000,0.309726,0.309977,0.309993,0.309668,0.309662,
0.125612,0.400000,0.400000,0.294495,0.294744,0.294761,0.294441,0.294442,
0.057380,0.400000,0.400000,0.264913,0.265160,0.265175,0.264857,0.264864,
0.034747,0.400000,0.400000,0.263150,0.263399,0.263414,0.263088,0.263094,
0.087205,0.400000,0.400000,0.290667,0.290917,0.290934,0.290604,0.290602,
0.143444,0.400000,0.400000,0.309698,0.309947,0.309965,0.309640,0.309634,
0.125667,0.400000,0.400000,0.294533,0.294781,0.294798,0.294479,0.294480,
0.057431,0.400000,0.400000,0.264933,0.265180,0.265195,0.264877,0.264885,
0.034651,0.400000,0.400000,0.263095,0.263343,0.263358,0.263032,0.263039,
0.087016,0.400000,0.400000,0.290569,0.290819,0.290835,0.290506,0.290504,
0.143367,0.400000,0.400000,0.309678,0.309928,0.309946,0.309620,0.309614,
0.125765,0.400000,0.400000,0.294586,0.294835,0.294852,0.294532,0.294533,
0.057589,0.400000,0.400000,0.264993,0.265239,0.265256,0.264937,0.264945,
0.034655,0.400000,0.400000,0.263079,0.263328,0.263344,0.263017,0.263024,
0.086907,0.400000,0.400000,0.290542,0.290791,0.290808,0.290478,0.290476,
0.143337,0.400000,0.400000,0.309683,0.309933,0.309950,0.309625,0.309618,
0.125901,0.400000,0.400000,0.294651,0.294900,0.294916,0.294597,0.294598,
0.057688,0.400000,0.400000,0.265027,0.265275,0.265290,0.264972,0.264980,
0.034605,0.400000,0.400000,0.263037,0.263286,0.263301,0.262975,0.262982,
0.086773,0.400000,0.400000,0.290481,0.290730,0.290746,0.290417,0.290415,
0.143282,0.400000,0.400000,0.309673,0.309923,0.309940,0.309614,0.309608,
0.125999,0.400000,0.400000,0.294700,0.294949,0.294967,0.294647,0.294648,
0.057795,0.400000,0.400000,0.265069,0.265316,0.265331,0.265013,0.265021,
0.034561,0.400000,0.400000,0.263007,0.263255,0.263270,0.262944,0.262950,
0.086609,0.400000,0.400000,0.290390,0.290638,0.290656,0.290326,0.290324,
0.143189,0.400000,0.400000,0.309644,0.309893,0.309911,0.309586,0.309580,
0.126074,0.400000,0.400000,0.294748,0.294997,0.295013,0.294694,0.294695,
0.057895,0.400000,0.400000,0.265108,0.265355,0.265371,0.265053,0.265061,
0.034508,0.400000,0.400000,0.262967,0.263216,0.263232,0.262904,0.262911,
0.086437,0.400000,0.400000,0.290301,0.290550,0.290566,0.290236,0.290235,
0.143112,0.400000,0.400000,0.309607,0.309856,0.309874,0.309549,0.309543,
0.126167,0.400000,0.400000,0.294795,0.295045,0.295062,0.294742,0.294743,
0.057999,0.400000,0.400000,0.265147,0.265394,0.265410,0.265091,0.265100,
0.034453,0.400000,0.400000,0.262931,0.263180,0.263195,0.262868,0.262876,
0.086282,0.400000,0.400000,0.290276,0.290526,0.290542,0.290212,0.290211,
0.143036,0.400000,0.400000,0.309629,0.309879,0.309895,0.309570,0.309565,
0.126240,0.400000,0.400000,0.294840,0.295089,0.295105,0.294785,0.294786,
0.058091,0.400000,0.400000,0.265186,0.265433,0.265448,0.265129,0.265137,
0.034388,0.400000,0.400000,0.262887,0.263137,0.263151,0.262825,0.262832,
0.086126,0.400000,0.400000,0.290187,0.290438,0.290453,0.290124,0.290122,
0.142980,0.400000,0.400000,0.309614,0.309864,0.309881,0.309556,0.309549,
0.126348,0.400000,0.400000,0.294896,0.295144,0.295161,0.294842,0.294842,
0.058209,0.400000,0.400000,0.265227,0.265474,0.265491,0.265172,0.265180,
0.034366,0.400000,0.400000,0.262858,0.263107,0.263123,0.262797,0.262803,
0.085996,0.400000,0.400000,0.290112,0.290362,0.290378,0.290049,0.290047,
0.142935,0.400000,0.400000,0.309604,0.309854,0.309871,0.309546,0.309540,
0.126466,0.400000,0.400000,0.294953,0.295203,0.295220,0.294899,0.294901,
0.058310,0.400000,0.400000,0.265260,0.265507,0.265523,0.265204,0.265211,
0.034315,0.400000,0.400000,0.262819,0.263068,0.263083,0.262756,0.262764,
0.085856,0.400000,0.400000,0.290092,0.290342,0.290358,0.290028,0.290027,
0.142877,0.400000,0.400000,0.309613,0.309863,0.309880,0.309554,0.309548,
0.126553,0.400000,0.400000,0.295000,0.295249,0.295266,0.294946,0.294947,
0.058428,0.400000,0.400000,0.265306,0.265552,0.265568,0.265250,0.265258,
0.034290,0.400000,0.400000,0.262793,0.263041,0.263057,0.262731,0.262738,
0.085716,0.400000,0.400000,0.290011,0.290260,0.290276,0.289947,0.289945,
0.142810,0.400000,0.400000,0.309583,0.309832,0.309850,0.309525,0.309519,
0.126663,0.400000,0.400000,0.295056,0.295304,0.295322,0.295002,0.295004,
0.058555,0.400000,0.400000,0.265359,0.265605,0.265622,0.265303,0.265311,
0.034259,0.400000,0.400000,0.262764,0.263012,0.263029,0.262701,0.262709,
0.085572,0.400000,0.400000,0.289966,0.290216,0.290232,0.289903,0.289901,
0.142762,0.400000,0.400000,0.309592,0.309843,0.309859,0.309534,0.309527,
0.126792,0.400000,0.400000,0.295120,0.295368,0.295385,0.295065,0.295066,
0.058796,0.400000,0.400000,0.265442,0.265688,0.265704,0.265385,0.265393,
0.034366,0.400000,0.400000,0.262776,0.263024,0.263040,0.262713,0.262720,
0.085557,0.400000,0.400000,0.289955,0.290205,0.290220,0.289891,0.289889,
0.142856,0.400000,0.400000,0.309647,0.309898,0.309914,0.309589,0.309583,
0.127042,0.400000,0.400000,0.295224,0.295473,0.295489,0.295169,0.295171,
0.058931,0.400000,0.400000,0.265479,0.265726,0.265741,0.265423,0.265431,
0.034287,0.400000,0.400000,0.262717,0.262965,0.262980,0.262653,0.262662,
0.085397,0.400000,0.400000,0.289860,0.290110,0.290126,0.289796,0.289795,
0.142773,0.400000,0.400000,0.309616,0.309866,0.309883,0.309558,0.309551,
0.127106,0.400000,0.400000,0.295262,0.295511,0.295528,0.295207,0.295208,
0.058996,0.400000,0.400000,0.265506,0.265753,0.265770,0.265450,0.265458,
0.034198,0.400000,0.400000,0.262671,0.262920,0.262936,0.262608,0.262616,
0.085216,0.400000,0.400000,0.289819,0.290068,0.290085,0.289755,0.289753,
0.142664,0.400000,0.400000,0.309609,0.309859,0.309877,0.309550,0.309544,
0.127165,0.400000,0.400000,0.295305,0.295553,0.295571,0.295250,0.295251,
0.059128,0.400000,0.400000,0.265566,0.265813,0.265829,0.265510,0.265519,
0.034207,0.400000,0.400000,0.262663,0.262912,0.262927,0.262601,0.262608,
0.085094,0.400000,0.400000,0.289756,0.290006,0.290022,0.289693,0.289691,
0.142629,0.400000,0.400000,0.309600,0.309850,0.309867,0.309542,0.309536,
0.127288,0.400000,0.400000,0.295362,0.295610,0.295627,0.295307,0.295309,
0.059225,0.400000,0.400000,0.265600,0.265847,0.265862,0.265544,0.265552,
0.034125,0.400000,0.400000,0.262607,0.262856,0.262871,0.262544,0.262553,
0.084894,0.400000,0.400000,0.289643,0.289893,0.289908,0.289579,0.289578,
0.142540,0.400000,0.400000,0.309567,0.309818,0.309835,0.309510,0.309503,
0.127382,0.400000,0.400000,0.295411,0.295660,0.295677,0.295358,0.295359,
0.059335,0.400000,0.400000,0.265634,0.265881,0.265897,0.265578,0.265587,
0.034076,0.400000,0.400000,0.262566,0.262814,0.262830,0.262502,0.262510,
0.084743,0.400000,0.400000,0.289614,0.289864,0.289880,0.289551,0.289549,
0.142467,0.400000,0.400000,0.309577,0.309827,0.309844,0.309518,0.309513,
0.127468,0.400000,0.400000,0.295462,0.295711,0.295728,0.295407,0.295409,
0.059446,0.400000,0.400000,0.265684,0.265930,0.265947,0.265627,0.265636,
0.034031,0.400000,0.400000,0.262534,0.262784,0.262800,0.262472,0.262480,
0.084582,0.400000,0.400000,0.289524,0.289774,0.289791,0.289461,0.289460,
0.142400,0.400000,0.400000,0.309549,0.309799,0.309816,0.309492,0.309484,
0.127574,0.400000,0.400000,0.295516,0.295766,0.295782,0.295462,0.295463,
0.059545,0.400000,0.400000,0.265708,0.265956,0.265972,0.265653,0.265661,
0.033985,0.400000,0.400000,0.262488,0.262737,0.262752,0.262425,0.262434,
0.084423,0.400000,0.400000,0.289446,0.289696,0.289713,0.289383,0.289382,
0.142321,0.400000,0.400000,0.309536,0.309786,0.309804,0.309478,0.309472,
0.127678,0.400000,0.400000,0.295575,0.295824,0.295841,0.295521,0.295521,
0.059685,0.400000,0.400000,0.265774,0.266022,0.266037,0.265720,0.265726,
0.033945,0.400000,0.400000,0.262462,0.262711,0.262726,0.262400,0.262407,
0.084247,0.400000,0.400000,0.289402,0.289652,0.289668,0.289339,0.289337,
0.142241,0.400000,0.400000,0.309540,0.309789,0.309807,0.309481,0.309475,
0.127777,0.400000,0.400000,0.295630,0.295879,0.295896,0.295576,0.295577,
0.059798,0.400000,0.400000,0.265817,0.266064,0.266080,0.265762,0.265769,
0.033901,0.400000,0.400000,0.262423,0.262671,0.262687,0.262361,0.262368,
0.084085,0.400000,0.400000,0.289286,0.289536,0.289552,0.289223,0.289221,
0.142172,0.400000,0.400000,0.309509,0.309759,0.309776,0.309451,0.309444,
0.127865,0.400000,0.400000,0.295676,0.295923,0.295941,0.295621,0.295622,
0.059910,0.400000,0.400000,0.265858,0.266104,0.266121,0.265802,0.265809,
0.033850,0.400000,0.400000,0.262383,0.262632,0.262647,0.262321,0.262328,
0.083935,0.400000,0.400000,0.289244,0.289493,0.289509,0.289180,0.289179,
0.142123,0.400000,0.400000,0.309517,0.309766,0.309783,0.309458,0.309452,
0.127982,0.400000,0.400000,0.295733,0.295982,0.295999,0.295680,0.295680,
0.060034,0.400000,0.400000,0.265901,0.266147,0.266164,0.265845,0.265853,
0.033828,0.400000,0.400000,0.262353,0.262602,0.262618,0.262291,0.262298,
0.083822,0.400000,0.400000,0.289216,0.289465,0.289482,0.289152,0.289150,
0.142106,0.400000,0.400000,0.309535,0.309785,0.309802,0.309476,0.309470,
0.128144,0.400000,0.400000,0.295809,0.296058,0.296074,0.295754,0.295756,
0.060219,0.400000,0.400000,0.265970,0.266217,0.266233,0.265914,0.265922,
0.033834,0.400000,0.400000,0.262338,0.262587,0.262602,0.262275,0.262282,
0.083667,0.400000,0.400000,0.289146,0.289397,0.289413,0.289082,0.289081,
0.142031,0.400000,0.400000,0.309520,0.309771,0.309788,0.309463,0.309456,
0.128260,0.400000,0.400000,0.295869,0.296118,0.296135,0.295815,0.295816,
0.060434,0.400000,0.400000,0.266049,0.266296,0.266312,0.265993,0.266003,
0.033942,0.400000,0.400000,0.262352,0.262600,0.262616,0.262289,0.262298,
0.083648,0.400000,0.400000,0.289097,0.289346,0.289362,0.289032,0.289031,
0.142083,0.400000,0.400000,0.309530,0.309781,0.309798,0.309472,0.309466,
0.128484,0.400000,0.400000,0.295964,0.296213,0.296231,0.295911,0.295912,
0.060595,0.400000,0.400000,0.266108,0.266354,0.266372,0.266053,0.266060,
0.033864,0.400000,0.400000,0.262301,0.262549,0.262565,0.262239,0.262246,
0.083457,0.400000,0.400000,0.289045,0.289295,0.289311,0.288981,0.288980,
0.141992,0.400000,0.400000,0.309534,0.309783,0.309801,0.309475,0.309469,
0.128575,0.400000,0.400000,0.296016,0.296265,0.296283,0.295962,0.295963,
0.060706,0.400000,0.400000,0.266149,0.266395,0.266412,0.266092,0.266100,
0.033806,0.400000,0.400000,0.262255,0.262503,0.262519,0.262193,0.262200,
0.083300,0.400000,0.400000,0.288979,0.289230,0.289246,0.288917,0.288915,
0.141919,0.400000,0.400000,0.309521,0.309771,0.309788,0.309463,0.309457,
0.128647,0.400000,0.400000,0.296060,0.296308,0.296325,0.296005,0.296006,
0.060819,0.400000,0.400000,0.266190,0.266436,0.266452,0.266133,0.266142,
0.033795,0.400000,0.400000,0.262230,0.262479,0.262495,0.262169,0.262176,
0.083173,0.400000,0.400000,0.288891,0.289141,0.289159,0.288827,0.288827,
0.141872,0.400000,0.400000,0.309499,0.309748,0.309766,0.309440,0.309435,
0.128763,0.400000,0.400000,0.296117,0.296365,0.296383,0.296063,0.296064,
0.060910,0.400000,0.400000,0.266222,0.266468,0.266485,0.266166,0.266174,
0.033726,0.400000,0.400000,0.262187,0.262436,0.262452,0.262125,0.262132,
0.082994,0.400000,0.400000,0.288851,0.289101,0.289118,0.288788,0.288787,
0.141780,0.400000,0.400000,0.309505,0.309755,0.309773,0.309448,0.309441,
0.128843,0.400000,0.400000,0.296166,0.296415,0.296433,0.296113,0.296114,
0.061032,0.400000,0.400000,0.266276,0.266522,0.266538,0.266221,0.266228,
0.033674,0.400000,0.400000,0.262151,0.262399,0.262414,0.262088,0.262096,
0.082802,0.400000,0.400000,0.288768,0.289017,0.289034,0.288704,0.288703,
0.141667,0.400000,0.400000,0.309472,0.309720,0.309739,0.309413,0.309407,
0.128909,0.400000,0.400000,0.296205,0.296453,0.296471,0.296150,0.296152,
0.061094,0.400000,0.400000,0.266290,0.266537,0.266554,0.266235,0.266242,
0.033604,0.400000,0.400000,0.262097,0.262347,0.262362,0.262034,0.262042,
0.082634,0.400000,0.400000,0.288640,0.288891,0.288906,0.288575,0.288575,
0.141587,0.400000,0.400000,0.309413,0.309663,0.309680,0.309354,0.309348,
0.129011,0.400000,0.400000,0.296258,0.296506,0.296523,0.296203,0.296205,
0.061222,0.400000,0.400000,0.266340,0.266586,0.266602,0.266284,0.266291,
0.033560,0.400000,0.400000,0.262061,0.262309,0.262325,0.261999,0.262005,
0.082483,0.400000,0.400000,0.288631,0.288881,0.288896,0.288568,0.288566,
0.141530,0.400000,0.400000,0.309452,0.309703,0.309719,0.309394,0.309387,
0.129132,0.400000,0.400000,0.296322,0.296572,0.296589,0.296269,0.296270,
0.061365,0.400000,0.400000,0.266397,0.266644,0.266660,0.266343,0.266349,
0.033540,0.400000,0.400000,0.262036,0.262286,0.262301,0.261975,0.261982,
0.082349,0.400000,0.400000,0.288574,0.288824,0.288840,0.288510,0.288508,
0.141483,0.400000,0.400000,0.309450,0.309700,0.309717,0.309390,0.309384,
0.129251,0.400000,0.400000,0.296380,0.296629,0.296646,0.296325,0.296327,
0.061484,0.400000,0.400000,0.266434,0.266680,0.266697,0.266378,0.266385,
0.033516,0.400000,0.400000,0.262002,0.262251,0.262267,0.261941,0.261948,
0.082184,0.400000,0.400000,0.288428,0.288679,0.288695,0.288365,0.288364,
0.141394,0.400000,0.400000,0.309392,0.309642,0.309659,0.309333,0.309327,
0.129319,0.400000,0.400000,0.296426,0.296675,0.296692,0.296371,0.296373,
0.061606,0.400000,0.400000,0.266494,0.266741,0.266757,0.266439,0.266446,
0.033466,0.400000,0.400000,0.261969,0.262218,0.262233,0.261907,0.261915,
0.082027,0.400000,0.400000,0.288429,0.288679,0.288696,0.288366,0.288364,
0.141323,0.400000,0.400000,0.309418,0.309668,0.309686,0.309359,0.309354,
0.129458,0.400000,0.400000,0.296492,0.296742,0.296758,0.296438,0.296439,
0.061760,0.400000,0.400000,0.266542,0.266789,0.266805,0.266487,0.266494,
0.033449,0.400000,0.400000,0.261939,0.262187,0.262203,0.261876,0.261884,
0.082031,0.400000,0.400000,0.288472,0.288722,0.288738,0.288408,0.288406,
0.141536,0.400000,0.400000,0.309576,0.309827,0.309844,0.309518,0.309512,
0.129843,0.400000,0.400000,0.296660,0.296909,0.296927,0.296606,0.296607,
0.062163,0.400000,0.400000,0.266684,0.266931,0.266948,0.266629,0.266636,
0.033631,0.400000,0.400000,0.261968,0.262217,0.262233,0.261907,0.261913,
0.081920,0.400000,0.400000,0.288333,0.288583,0.288600,0.288270,0.288268,
0.141393,0.400000,0.400000,0.309451,0.309702,0.309720,0.309393,0.309388,
0.129886,0.400000,0.400000,0.296681,0.296930,0.296948,0.296627,0.296629,
0.062301,0.400000,0.400000,0.266735,0.266983,0.266999,0.266681,0.266689,
0.033673,0.400000,0.400000,0.261963,0.262212,0.262227,0.261901,0.261909,
0.081837,0.400000,0.400000,0.288326,0.288575,0.288591,0.288262,0.288261,
0.141391,0.400000,0.400000,0.309490,0.309739,0.309756,0.309431,0.309426,
0.130047,0.400000,0.400000,0.296757,0.297004,0.297022,0.296702,0.296703,
0.062413,0.400000,0.400000,0.266778,0.267024,0.267040,0.266722,0.266730,
0.033577,0.400000,0.400000,0.261909,0.262157,0.262173,0.261846,0.261854,
0.081632,0.400000,0.400000,0.288236,0.288486,0.288501,0.288170,0.288171,
0.141254,0.400000,0.400000,0.309445,0.309694,0.309712,0.309385,0.309379,
0.130097,0.400000,0.400000,0.296789,0.297037,0.297055,0.296735,0.296735,
0.062504,0.400000,0.400000,0.266815,0.267062,0.267078,0.266760,0.266767,
0.033518,0.400000,0.400000,0.261872,0.262121,0.262137,0.261811,0.261818,
0.081427,0.400000,0.400000,0.288117,0.288367,0.288383,0.288053,0.288053,
0.141124,0.400000,0.400000,0.309385,0.309636,0.309653,0.309327,0.309321,
0.130158,0.400000,0.400000,0.296832,0.297082,0.297099,0.296778,0.296779,
0.062649,0.400000,0.400000,0.266878,0.267124,0.267141,0.266822,0.266829,
0.033510,0.400000,0.400000,0.261850,0.262099,0.262114,0.261788,0.261794,
0.081280,0.400000,0.400000,0.288087,0.288337,0.288354,0.288023,0.288022,
0.141065,0.400000,0.400000,0.309409,0.309658,0.309676,0.309349,0.309344,
0.130275,0.400000,0.400000,0.296894,0.297143,0.297160,0.296840,0.296841,
0.062736,0.400000,0.400000,0.266908,0.267155,0.267171,0.266854,0.266862,
0.033398,0.400000,0.400000,0.261784,0.262033,0.262048,0.261723,0.261731,
0.081052,0.400000,0.400000,0.287999,0.288249,0.288264,0.287935,0.287934,
0.140938,0.400000,0.400000,0.309386,0.309636,0.309652,0.309327,0.309321,
0.130329,0.400000,0.400000,0.296934,0.297183,0.297198,0.296879,0.296880,
0.062820,0.400000,0.400000,0.266944,0.267190,0.267205,0.266888,0.266895,
0.033334,0.400000,0.400000,0.261738,0.261986,0.262001,0.261676,0.261683,
0.080875,0.400000,0.400000,0.287896,0.288146,0.288162,0.287832,0.287831,
0.140850,0.400000,0.400000,0.309351,0.309600,0.309617,0.309292,0.309285,
0.130409,0.400000,0.400000,0.296981,0.297229,0.297246,0.296926,0.296926,
0.062913,0.400000,0.400000,0.266978,0.267224,0.267241,0.266921,0.266929,
0.033288,0.400000,0.400000,0.261704,0.261953,0.261968,0.261641,0.261649,
0.080721,0.400000,0.400000,0.287840,0.288089,0.288105,0.287775,0.287775,
0.140769,0.400000,0.400000,0.309329,0.309579,0.309596,0.309269,0.309264,
0.130491,0.400000,0.400000,0.297027,0.297277,0.297294,0.296972,0.296974,
0.063034,0.400000,0.400000,0.267026,0.267274,0.267289,0.266971,0.266979,
0.033256,0.400000,0.400000,0.261671,0.261920,0.261936,0.261609,0.261618,
0.080571,0.400000,0.400000,0.287787,0.288037,0.288054,0.287723,0.287723,
0.140692,0.400000,0.400000,0.309334,0.309583,0.309600,0.309275,0.309269,
0.130601,0.400000,0.400000,0.297084,0.297331,0.297349,0.297029,0.297031,
0.063172,0.400000,0.400000,0.267073,0.267320,0.267336,0.267018,0.267027,
0.033232,0.400000,0.400000,0.261640,0.261888,0.261904,0.261577,0.261586,
0.080386,0.400000,0.400000,0.287664,0.287914,0.287930,0.287600,0.287600,
0.140586,0.400000,0.400000,0.309279,0.309529,0.309547,0.309221,0.309215,
0.130697,0.400000,0.400000,0.297139,0.297388,0.297405,0.297084,0.297085,
0.063290,0.400000,0.400000,0.267116,0.267363,0.267379,0.267060,0.267068,
0.033176,0.400000,0.400000,0.261591,0.261840,0.261854,0.261529,0.261537,
0.080242,0.400000,0.400000,0.287609,0.287859,0.287875,0.287545,0.287545,
0.140540,0.400000,0.400000,0.309291,0.309541,0.309558,0.309232,0.309226,
0.130813,0.400000,0.400000,0.297199,0.297447,0.297465,0.297144,0.297145,
0.063436,0.400000,0.400000,0.267173,0.267419,0.267436,0.267118,0.267125,
0.033160,0.400000,0.400000,0.261565,0.261813,0.261828,0.261503,0.261510,
0.080085,0.400000,0.400000,0.287575,0.287825,0.287841,0.287511,0.287510,
0.140450,0.400000,0.400000,0.309290,0.309541,0.309558,0.309232,0.309225,
0.130907,0.400000,0.400000,0.297254,0.297502,0.297520,0.297199,0.297200,
0.063552,0.400000,0.400000,0.267220,0.267467,0.267484,0.267165,0.267173,
0.033121,0.400000,0.400000,0.261529,0.261778,0.261794,0.261467,0.261476,
0.079946,0.400000,0.400000,0.287490,0.287741,0.287756,0.287426,0.287426,
0.140402,0.400000,0.400000,0.309275,0.309525,0.309541,0.309215,0.309210,
0.131043,0.400000,0.400000,0.297321,0.297569,0.297587,0.297266,0.297267,
0.063730,0.400000,0.400000,0.267287,0.267534,0.267550,0.267232,0.267239,
0.033128,0.400000,0.400000,0.261511,0.261760,0.261776,0.261450,0.261458,
0.079788,0.400000,0.400000,0.287441,0.287691,0.287707,0.287377,0.287377,
0.140322,0.400000,0.400000,0.309269,0.309518,0.309535,0.309210,0.309204,
0.131150,0.400000,0.400000,0.297378,0.297626,0.297643,0.297324,0.297324,
0.063944,0.400000,0.400000,0.267372,0.267619,0.267635,0.267317,0.267326,
0.033259,0.400000,0.400000,0.261539,0.261788,0.261803,0.261477,0.261486,
0.079812,0.400000,0.400000,0.287436,0.287687,0.287702,0.287373,0.287373,
0.140430,0.400000,0.400000,0.309321,0.309572,0.309589,0.309263,0.309257,
0.131431,0.400000,0.400000,0.297491,0.297740,0.297757,0.297436,0.297437,
0.064170,0.400000,0.400000,0.267443,0.267689,0.267706,0.267386,0.267395,
0.033194,0.400000,0.400000,0.261481,0.261729,0.261745,0.261419,0.261428,
0.079609,0.400000,0.400000,0.287322,0.287571,0.287589,0.287259,0.287259,
0.140324,0.400000,0.400000,0.309279,0.309529,0.309547,0.309222,0.309215,
0.131519,0.400000,0.400000,0.297544,0.297792,0.297810,0.297490,0.297491,
0.064281,0.400000,0.400000,0.267487,0.267732,0.267749,0.267432,0.267440,
0.033163,0.400000,0.400000,0.261450,0.261697,0.261713,0.261388,0.261396,
0.079449,0.400000,0.400000,0.287279,0.287528,0.287544,0.287215,0.287214,
0.140223,0.400000,0.400000,0.309273,0.309524,0.309540,0.309215,0.309208,
0.131590,0.400000,0.400000,0.297588,0.297837,0.297855,0.297534,0.297534,
0.064434,0.400000,0.400000,0.267548,0.267795,0.267812,0.267493,0.267500,
0.033174,0.400000,0.400000,0.261435,0.261683,0.261699,0.261373,0.261381,
0.079294,0.400000,0.400000,0.287209,0.287459,0.287476,0.287145,0.287145,
0.140143,0.400000,0.400000,0.309258,0.309507,0.309526,0.309199,0.309193,
0.131693,0.400000,0.400000,0.297646,0.297894,0.297911,0.297591,0.297592,
0.064539,0.400000,0.400000,0.267589,0.267835,0.267851,0.267533,0.267540,
0.033090,0.400000,0.400000,0.261379,0.261627,0.261642,0.261316,0.261324,
0.079102,0.400000,0.400000,0.287109,0.287360,0.287375,0.287046,0.287045,
0.140031,0.400000,0.400000,0.309225,0.309476,0.309492,0.309167,0.309160,
0.131752,0.400000,0.400000,0.297688,0.297938,0.297954,0.297634,0.297635,
0.064629,0.400000,0.400000,0.267631,0.267877,0.267894,0.267575,0.267583,
0.033022,0.400000,0.400000,0.261340,0.261588,0.261604,0.261277,0.261286,
0.078895,0.400000,0.400000,0.287046,0.287295,0.287311,0.286981,0.286982,
0.139919,0.400000,0.400000,0.309216,0.309465,0.309482,0.309156,0.309151,
0.131834,0.400000,0.400000,0.297738,0.297987,0.298004,0.297683,0.297684,
0.064745,0.400000,0.400000,0.267673,0.267920,0.267937,0.267618,0.267626,
0.032980,0.400000,0.400000,0.261301,0.261549,0.261565,0.261240,0.261247,
0.078731,0.400000,0.400000,0.286958,0.287208,0.287224,0.286894,0.286893,
0.139829,0.400000,0.400000,0.309172,0.309421,0.309438,0.309113,0.309106,
